outer,inner_updates,cumulative_updates,stationarity,feasibility,kkt_residual
1,33,33,8.149075858554511e-11,0.3333333333488554,0.3333333333488554
2,32,65,7.761014053642157e-11,0.11111111115250316,0.11111111115250316
3,31,96,5.174005668351356e-11,0.03703703696460092,0.03703703696460092
4,29,125,6.898681625955305e-11,0.012345678976702468,0.012345678976702468
5,27,152,9.198242167940407e-11,0.004115226310237086,0.004115226310237086
6,26,178,6.132166996408728e-11,0.0013717422056150896,0.0013717422056150896
7,24,202,8.176215260391473e-11,0.00045724741549868497,0.00045724741549868497
8,23,225,5.450817575081146e-11,0.00015241571431934275,0.00015241571431934275
9,21,246,7.267753066031446e-11,5.080522599354431e-05,5.080522599354431e-05
